time,data
0.0,0.40000000000000002
0.10000000000000001,0.42071511791548938
0.20000000000000001,0.44133065792539977
0.30000000000000004,0.46174780620264277
0.40000000000000002,0.48186927046531342
0.5,0.50160002427823203
0.59999999999999998,0.52084803175235295
0.69999999999999996,0.53952494637832604
0.79999999999999993,0.55754677795911389
0.89999999999999991,0.57483452188853057
0.99999999999999989,0.59131474535533424
1.0999999999999999,0.60692012543317997
1.2,0.62158993444188249
1.3,0.6352704684313365
1.4000000000000001,0.64791541514192275
1.5000000000000002,0.6594861583298528
1.6000000000000003,0.66995201590793152
1.7000000000000004,0.67929040993665213
1.8000000000000005,0.68748696710221135
1.9000000000000006,0.69453554893159108
2.0000000000000004,0.7004382116148774
2.1000000000000005,0.70520509592595537
2.2000000000000006,0.70885424834914657
2.3000000000000007,0.71141137512576136
2.4000000000000008,0.71290953152555059
2.5000000000000009,0.71338874921842654
2.600000000000001,0.71289560516651473
2.7000000000000011,0.71148273597077227
2.8000000000000012,0.709208302085515
2.9000000000000012,0.70613540675398079
3.0000000000000013,0.70233147491461578
3.1000000000000014,0.6978675976776253
3.2000000000000015,0.69281784827133508
3.3000000000000016,0.68725857560545212
3.4000000000000017,0.68126768179117936
3.5000000000000018,0.6749238900946285
3.6000000000000019,0.66830600987890376
3.700000000000002,0.66149220511086726
3.800000000000002,0.65455927297081518
3.9000000000000021,0.64758193900739713
4.0000000000000018,0.64063217512698667
4.1000000000000014,0.63377854649770837
4.2000000000000011,0.6270855931853242
4.3000000000000007,0.62061325202351436
4.4000000000000004,0.61441632385755596
4.5,0.60854399089125566
4.5999999999999996,0.60303938841584648
4.6999999999999993,0.5979392347104614
4.7999999999999989,0.59327352238106013
4.8999999999999986,0.5890652738529889
4.9999999999999982,0.58533036315659071
5.0999999999999979,0.58207740555056908
5.1999999999999975,0.5793077159194463
5.2999999999999972,0.57701533626482793
5.3999999999999968,0.57518713199081561
5.4999999999999964,0.57380295606725007
5.5999999999999961,0.57283587954604898
5.6999999999999957,0.57225248631110537
5.7999999999999954,0.57201322936633492
5.899999999999995,0.57207284541462045
5.9999999999999947,0.57238082395750234
6.0999999999999943,0.57288192665616178
6.199999999999994,0.57351675224287657
6.2999999999999936,0.57422234186273091
6.3999999999999932,0.57493281936154916
6.4999999999999929,0.57558006072105217
6.5999999999999925,0.57609438657889811
6.6999999999999922,0.57640527156192156
6.7999999999999918,0.57644206400736309
6.8999999999999915,0.57613470955059676
6.9999999999999911,0.57541447201963958
7.0999999999999908,0.57421464509691933
7.1999999999999904,0.5724712482872315
7.2999999999999901,0.57012370086680464
7.3999999999999897,0.56711546768074572
7.4999999999999893,0.56339467090314055
7.599999999999989,0.55891466217353269
7.6999999999999886,0.55363454987277905
7.7999999999999883,0.54751967669724599
7.8999999999999879,0.54054204312949139
7.9999999999999876,0.53268067288204213
8.0999999999999872,0.52392191690441847
8.1999999999999869,0.51425969308758901
8.2999999999999865,0.50369565936974747
8.3999999999999861,0.49223931853763769
8.4999999999999858,0.47990805362336242
8.5999999999999854,0.46672709341232588
8.6999999999999851,0.45272940819822216
8.7999999999999847,0.43795553654027397
8.8999999999999844,0.42245334439075338
8.999999999999984,0.40627771856175526
9.0999999999999837,0.38949019708388111
9.1999999999999833,0.37215853957076467
9.2999999999999829,0.35435624123725235
9.3999999999999826,0.33616199472077413
9.4999999999999822,0.31765910432057182
9.5999999999999819,0.29893485769386186
9.6999999999999815,0.28007986042790378
9.7999999999999812,0.26118733923897558
9.8999999999999808,0.24235241983046302
9.9999999999999805,0.22367138567014702
10.09999999999998,0.20524092411928777
10.19999999999998,0.18715736646175615
10.299999999999979,0.16951592843917129
10.399999999999979,0.15240995789728226
10.499999999999979,0.13593019608968698
10.599999999999978,0.12016405906790155
10.699999999999978,0.10519494541283976
10.799999999999978,0.091101576333472101
10.899999999999977,0.077957373875809699
10.999999999999977,0.065829882651932986
11.099999999999977,0.05478024011749355
11.199999999999976,0.044862700000342919
11.299999999999976,0.036124213016452821
11.399999999999975,0.028604068506224552
11.499999999999975,0.022333600089096788
11.599999999999975,0.017335957871790694
11.699999999999974,0.013625949160570937
11.799999999999974,0.011209949025726099
11.899999999999974,0.010085881452428095
11.999999999999973,0.010243271191650796
12.099999999999973,0.011663365803417888
12.199999999999973,0.014319326767813995
12.299999999999972,0.018176487932396838
12.399999999999972,0.023192678973268776
12.499999999999972,0.029318610976346776
12.599999999999971,0.036498320700361499
12.699999999999971,0.044669669568655056
12.799999999999971,0.053764892957480118
12.89999999999997,0.06371119490848956
12.99999999999997,0.074431382996325623
13.099999999999969,0.085844537732204823
13.199999999999969,0.097866710584219349
13.299999999999969,0.11041164444742237
13.399999999999968,0.12339151020380341
13.499999999999968,0.13671765287569207
13.599999999999968,0.15030134079718216
13.699999999999967,0.16405451120750109
13.799999999999967,0.17789050570806078
13.899999999999967,0.19172478912087018
13.999999999999966,0.20547564543918409
14.099999999999966,0.21906484477037574
14.199999999999966,0.23241827543415314
14.299999999999965,0.24546653569406643
14.399999999999965,0.25814547996397325
14.499999999999964,0.27039671474049537
14.599999999999964,0.28216803996388151
14.699999999999964,0.29341383199906551
14.799999999999963,0.30409536495173939
14.899999999999963,0.31418106758627273
14.999999999999963,0.32364671368842973
15.099999999999962,0.33247554431091586
15.199999999999962,0.34065832094854803
15.299999999999962,0.34819330930688591
15.399999999999961,0.35508619394799079
15.499999999999961,0.36134992471408722
15.599999999999961,0.36700449643882221
15.69999999999996,0.37207666405112477
15.79999999999996,0.37659959575306851
15.899999999999959,0.38061246750554273
15.999999999999959,0.38416000257900057
16.099999999999959,0.38729196041644343
16.19999999999996,0.39006257950777434
16.299999999999962,0.39252997938467948
16.399999999999963,0.39475552720963747
16.499999999999964,0.3968031747482873
16.599999999999966,0.39873877177838429
16.699999999999967,0.40062936219861373
16.799999999999969,0.40254246925472476
16.89999999999997,0.40454537639745558
16.999999999999972,0.40670441032564375
17.099999999999973,0.40908423274845174
17.199999999999974,0.4117471473229104
17.299999999999976,0.41475242808773277
17.399999999999977,0.41815567552273875
17.499999999999979,0.42200820611698009
17.59999999999998,0.42635648102995161
17.699999999999982,0.43124157908175836
17.799999999999983,0.4366987189128963
17.899999999999984,0.44275683471587995
17.999999999999986,0.44943820946324159
18.099999999999987,0.45675816904363425
18.199999999999989,0.46472484017449922
18.29999999999999,0.47333897439078843
18.399999999999991,0.48259383981964543
18.499999999999993,0.49247518184597783
18.599999999999994,0.50296125315886198
18.699999999999996,0.51402291304918923
18.799999999999997,0.52562379521037828
18.899999999999999,0.53772054268185376
19.0,0.55026310797474975
19.100000000000001,0.56319511583628434
19.200000000000003,0.57645428554864142
19.300000000000004,0.58997290912498068
19.400000000000006,0.60367838126410012
19.500000000000007,0.61749377646076886
19.600000000000009,0.63133846824494788
19.70000000000001,0.64512878514381344
19.800000000000011,0.65877869762902308
19.900000000000013,0.67220053003102631
20.000000000000014,0.68530569117487772
20.100000000000016,0.69800541731997878
20.200000000000017,0.71021152087104789
20.300000000000018,0.72183713827036067
20.40000000000002,0.73279747048245092
20.500000000000021,0.74301050954206904
20.600000000000023,0.75239774475363286
20.700000000000024,0.76088484230474585
20.800000000000026,0.76840229228601009
20.900000000000027,0.77488601739227914
21.000000000000028,0.78027793791424238
21.10000000000003,0.78452648801077818
21.200000000000031,0.78758707867853694
21.300000000000033,0.7894225033019191
21.400000000000034,0.7900032821698646
21.500000000000036,0.78930794288122663
21.600000000000037,0.78732323412319438
21.700000000000038,0.78404427089230577
21.80000000000004,0.77947460982982952
21.900000000000041,0.77362625395740281
22.000000000000043,0.76651958671929077
22.100000000000044,0.7581832358590519
22.200000000000045,0.74865386827518021
22.300000000000047,0.73797591760702841
22.400000000000048,0.7262012468936051
22.50000000000005,0.71338874921842332
22.600000000000051,0.699603889798454
22.700000000000053,0.68491819348949889
22.800000000000054,0.66940868215947513
22.900000000000055,0.65315726682087805
23.000000000000057,0.63625009981019642
23.100000000000058,0.61877689265180702
23.20000000000006,0.60083020554371092
23.300000000000061,0.58250471464979259
23.400000000000063,0.56389646357591006
23.500000000000064,0.54510210554324912
23.600000000000065,0.52621814285095614
23.700000000000067,0.50734017024027878
23.800000000000068,0.48856212873415483
23.90000000000007,0.46997557642979376
24.000000000000071,0.45166898256807303
24.100000000000072,0.43372705099395464
24.200000000000074,0.41623007885842322
24.300000000000075,0.39925335609708912
24.400000000000077,0.38286661085627155
24.500000000000078,0.36713350562741387
24.60000000000008,0.3521111883987042
24.700000000000081,0.33784990264273923
24.800000000000082,0.32439265943540752
24.900000000000084,0.31177497444849556
25.000000000000085,0.30002467198170896
25.100000000000087,0.28916175760404988
25.200000000000088,0.2791983603650201
25.30000000000009,0.2701387449183682
25.400000000000091,0.26197939328055125
25.500000000000092,0.25470915532824634
25.600000000000094,0.24830946652959307
25.700000000000095,0.24275463080779677
25.800000000000097,0.23801216585857754
25.900000000000098,0.23404320768980402
26.000000000000099,0.230802970627417
26.100000000000101,0.22824125854112659
26.200000000000102,0.22630302259061474
26.300000000000104,0.22492896038220442
26.400000000000105,0.22405615106076379
26.500000000000107,0.22361872054522094
26.600000000000108,0.22354853085132073
26.700000000000109,0.22377588723448066
26.800000000000111,0.22423025673065225
26.900000000000112,0.2248409915753713
27.000000000000114,0.22553805094152016
27.100000000000115,0.22625271445508349
27.200000000000117,0.2269182810251883
27.300000000000118,0.22747074665928413
27.400000000000119,0.22784945512524302
27.500000000000121,0.22799771556773324
27.600000000000122,0.22786338148427823
27.700000000000124,0.22739938581427294
27.800000000000125,0.22656422728881911
27.900000000000126,0.22532240362705699
28.000000000000128,0.22364478764178039
28.100000000000129,0.22150894282933528
28.200000000000131,0.2188993755615263
28.300000000000132,0.21580772156567829
28.400000000000134,0.21223286496807042
28.500000000000135,0.20818098878044247
28.600000000000136,0.20366555632377992
28.700000000000138,0.19870722370267044
28.800000000000139,0.19333368406167883
28.900000000000141,0.18757944496690657
29.000000000000142,0.1814855408557613
29.100000000000144,0.17509918308062317
29.200000000000145,0.16847335063236477
29.300000000000146,0.16166632516260587
29.400000000000148,0.1547411744243882
29.500000000000149,0.14776518871522087
29.600000000000151,0.14080927533001666
29.700000000000152,0.13394731641054825
29.800000000000153,0.127255495909359
29.900000000000155,0.12081160166654999
30.000000000000156,0.1146943088251183
30.100000000000158,0.10898245098243792
30.200000000000159,0.10375428559056261
30.300000000000161,0.09908676017527053
30.400000000000162,0.095054785942578449
30.500000000000163,0.091730525281935107
30.600000000000165,0.089182699557873724
30.700000000000166,0.087475923407662706
30.800000000000168,0.086670071532979648
30.900000000000169,0.086819683690810348
31.000000000000171,0.087973413255244048
31.100000000000172,0.090173524340460096
31.200000000000173,0.093455442049405507
31.300000000000175,0.097847359946221998
31.400000000000176,0.10336990834749533
31.500000000000178,0.11003588649235618
31.600000000000179,0.11785006108909371
31.70000000000018,0.12680903315123263
31.800000000000182,0.13690117443415084
31.900000000000183,0.14810663416963474
32.000000000000185,0.16039741617569547
32.100000000000186,0.17373752579802029
32.200000000000188,0.1880831855231149
32.300000000000189,0.20338311749695118
32.40000000000019,0.21957889059217706
32.500000000000192,0.23660532909687615
32.600000000000193,0.25439097955357742
32.700000000000195,0.27285863176349845
32.800000000000196,0.2919258894924403
32.900000000000198,0.31150578597560158
33.000000000000199,0.33150743892265505
33.1000000000002,0.35183673937538079
33.200000000000202,0.37239706847092768
33.300000000000203,0.3930900359171281
33.400000000000205,0.41381623379439958
33.500000000000206,0.43447599916325746
33.600000000000207,0.45497017887865643
33.700000000000209,0.47520088999285059
33.80000000000021,0.49507226916746871
33.900000000000212,0.51449120461264852
34.000000000000213,0.53336804422552053
34.100000000000215,0.55161727381070869
34.200000000000216,0.56915815952994009
34.300000000000217,0.58591534904399734
34.400000000000219,0.6018194261753198
34.50000000000022,0.6168074143302581
34.600000000000222,0.63082322437275773
34.700000000000223,0.64381804313201008
34.800000000000225,0.65575065925102616
34.900000000000226,0.6665877236365394
35.000000000000227,0.67630394234815172
35.100000000000229,0.68488220036117986
35.20000000000023,0.69231361524782942
35.300000000000232,0.69859752043982226
35.400000000000233,0.70374137835685713
35.500000000000234,0.70776062430383702
35.600000000000236,0.7106784426501539
35.700000000000237,0.71252547740103855
35.800000000000239,0.71333947984883617
35.90000000000024,0.71316489654585524
36.000000000000242,0.71205240136531411
36.100000000000243,0.7100583759081972
36.200000000000244,0.70724434296715621
36.300000000000246,0.70367635817000229
36.400000000000247,0.69942436529108387
36.500000000000249,0.69456152103582369
36.60000000000025,0.68916349536895094
36.700000000000252,0.68330775366828944
36.800000000000253,0.67707282714140327
36.900000000000254,0.67053757804060199
37.000000000000256,0.6637804662519432
37.100000000000257,0.65687882381553464
37.200000000000259,0.64990814385784201
37.30000000000026,0.64294139028254826
37.400000000000261,0.63604833437592834
37.500000000000263,0.6292949242374839
37.600000000000264,0.62274269264883586
37.700000000000266,0.61644820864629024
37.800000000000267,0.61046257766817613
37.900000000000269,0.60483099471046298
38.00000000000027,0.59959235444726888
38.100000000000271,0.59477892176082525
38.200000000000273,0.59041606558291004
38.300000000000274,0.58652205838143801
38.400000000000276,0.5831079430369378
38.500000000000277,0.58017746824922833
38.600000000000279,0.5777270930001257
38.70000000000028,0.57574605997895312
38.800000000000281,0.57421653725943689
38.900000000000283,0.57311382690481816
39.000000000000284,0.5724066385780604
39.100000000000286,0.57205742565128548
39.200000000000287,0.57202278074815105
39.300000000000288,0.57225388711980674
39.40000000000029,0.57269702175407611
39.500000000000291,0.57329410565302208
39.600000000000293,0.57398329629024947
39.700000000000294,0.57469961687991922
39.800000000000296,0.57537561675783522
39.900000000000297,0.57594205689418276
40.000000000000298,0.57632861432985549
40.1000000000003,0.57646459915607162
40.200000000000301,0.57627967754143705
40.300000000000303,0.57570459425301002
40.400000000000304,0.57467188811860892
40.500000000000306,0.57311659393672154
40.600000000000307,0.57097692445724868
40.700000000000308,0.56819492623010037
40.80000000000031,0.56471710334760983
40.900000000000311,0.56049500338901959
41.000000000000313,0.55548576020824503
41.100000000000314,0.54965258858692656
41.200000000000315,0.54296522619993592
41.300000000000317,0.53540031880635897
41.400000000000318,0.52694174508130909
41.50000000000032,0.51758087803829522
41.600000000000321,0.50731678055361451
41.700000000000323,0.4961563330882216
41.800000000000324,0.48411429230375069
41.900000000000325,0.47121327988230116
42.000000000000327,0.45748370147900963
42.100000000000328,0.44296359635659649
42.20000000000033,0.42769841886673149
42.300000000000331,0.41174075354849898
42.400000000000333,0.39514996620432635
42.500000000000334,0.37799179388299031
42.600000000000335,0.36033787724292587
42.700000000000337,0.34226523928195141
42.800000000000338,0.3238557148974055
42.90000000000034,0.30519533617901495
43.000000000000341,0.28637367873204972
43.100000000000342,0.26748317467655497
43.200000000000344,0.24861839826697277
43.300000000000345,0.22987533032232557
43.400000000000347,0.21135060784830761
43.500000000000348,0.1931407653673928
43.60000000000035,0.17534147455014681
43.700000000000351,0.15804678875972936
43.800000000000352,0.14134839908187177
43.900000000000354,0.1253349083147384
44.000000000000355,0.1100911292379689
44.100000000000357,0.095697413269121498
44.200000000000358,0.082229015350650692
44.30000000000036,0.069755500593767727
44.400000000000361,0.05834019783980493
44.500000000000362,0.048039704888402028
44.600000000000364,0.038903449688433837
44.700000000000365,0.030973311296275678
44.800000000000367,0.024283303880979948
44.900000000000368,0.018859326501976904
45.000000000000369,0.014718980806830248
45.100000000000371,0.011871458199562042
45.200000000000372,0.010317497419375281
45.300000000000374,0.010049412850655902
45.400000000000375,0.011051193263421234
45.500000000000377,0.01329867006441901
45.600000000000378,0.016759753528324751
45.700000000000379,0.021394734881389998
45.800000000000381,0.027156651531696236
45.900000000000382,0.033991712186071485
46.000000000000384,0.041839778068526408
46.100000000000385,0.050634895963547706
46.200000000000387,0.060305878353980658
46.300000000000388,0.070776925511643121
46.400000000000389,0.081968284032844105
46.500000000000391,0.093796935993870692
46.600000000000392,0.10617731263608129
46.700000000000394,0.11902202627885192
46.800000000000395,0.13224261400305873
46.900000000000396,0.14575028654958455
47.000000000000398,0.1594566758371318
47.100000000000399,0.17327457452201231
47.200000000000401,0.18711866109917949
47.300000000000402,0.20090620417804184
47.400000000000404,0.21455773975721265
47.500000000000405,0.22799771556775986
47.600000000000406,0.24115509685236156
47.700000000000408,0.25396392829556863
47.800000000000409,0.26636384721487949
47.900000000000411,0.27830054356017975
48.000000000000412,0.28972616274621926
48.100000000000414,0.30059964785517085
48.200000000000415,0.31088701828916737
48.300000000000416,0.32056158252135381
48.400000000000418,0.32960408318335366
48.500000000000419,0.33800277333183554
48.600000000000421,0.34575342335173992
48.700000000000422,0.35285925857327
48.800000000000423,0.35933082829834978
48.900000000000425,0.36518580754451996
49.000000000000426,0.37044873341468348
49.100000000000428,0.37515067858438467
49.200000000000429,0.37932886495927359
49.300000000000431,0.38302622108903694
49.400000000000432,0.38629088742567841
49.500000000000433,0.38917567397906794
49.600000000000435,0.39173747534716336
49.700000000000436,0.39403664847827496
49.800000000000438,0.39613635885501591
49.900000000000439,0.39810190107104693
50.000000000000441,0.40000000000000402
50.100000000000442,0.40189809892896111
50.200000000000443,0.40386364114499279
50.300000000000445,0.40596335152173391
50.400000000000446,0.40826252465284757
50.500000000000448,0.41082432602094321
50.600000000000449,0.41370911257433518
50.70000000000045,0.41697377891097787
50.800000000000452,0.42067113504074377
50.900000000000453,0.42484932141563431
51.000000000000455,0.42955126658533838
51.100000000000456,0.4348141924555039
51.200000000000458,0.44066917170167724
51.300000000000459,0.44714074142675975
51.40000000000046,0.45424657664829216
51.500000000000462,0.46199722666819937
51.600000000000463,0.47039591681668408
51.700000000000465,0.47943841747868682
51.800000000000466,0.48911298171087519
51.900000000000468,0.49940035214487516
52.000000000000469,0.51027383725382913
52.10000000000047,0.5216994564398707
52.200000000000472,0.53363615278517285
52.300000000000473,0.54603607170448654
52.400000000000475,0.55884490314769408
52.500000000000476,0.57200228443229817
52.600000000000477,0.58544226024284596
52.700000000000479,0.59909379582201783
52.80000000000048,0.61288133890088026
52.900000000000482,0.6267254254780481
53.000000000000483,0.64054332416292759
53.100000000000485,0.65424971345047456
53.200000000000486,0.66775738599699919
53.300000000000487,0.68097797372120483
53.400000000000489,0.6938226873639729
53.50000000000049,0.70620306400618205
53.600000000000492,0.71803171596720516
53.700000000000493,0.72922307448840407
53.800000000000495,0.7396941216460633
53.900000000000496,0.74936510403649215
54.000000000000497,0.75816022193150967
54.100000000000499,0.76600828781396024
54.2000000000005,0.77284334846833092
54.300000000000502,0.77860526511863282
54.400000000000503,0.78324024647169255
54.500000000000504,0.7867013299355935
54.600000000000506,0.78894880673658552
54.700000000000507,0.78995058714934574
54.800000000000509,0.78968250258062078
54.90000000000051,0.78812854180042846
55.000000000000512,0.78528101919315452
55.100000000000513,0.78114067349800242
55.200000000000514,0.77571669611899363
55.300000000000516,0.76902668870369273
55.400000000000517,0.76109655031152912
55.500000000000519,0.75196029511155571
55.60000000000052,0.74165980216014793
55.700000000000522,0.73024449940618064
55.800000000000523,0.7177709846492929
55.900000000000524,0.70430258673081847
56.000000000000526,0.68990887076196661
56.100000000000527,0.67466509168519406
56.200000000000529,0.65865160091805774
56.30000000000053,0.64195321124019711
56.400000000000531,0.62465852544977729
56.500000000000533,0.60685923463252889
56.600000000000534,0.5886493921516136
56.700000000000536,0.57012466967759368
56.800000000000537,0.55138160173294581
56.900000000000539,0.53251682532336331
57.00000000000054,0.51362632126786834
57.100000000000541,0.4948046638209041
57.200000000000543,0.47614428510251461
57.300000000000544,0.45773476071796898
57.400000000000546,0.4396621227569974
57.500000000000547,0.4220082061169339
57.600000000000549,0.40485003379560064
57.70000000000055,0.38825924645143056
57.800000000000551,0.37230158113320194
57.900000000000553,0.35703640364333838
58.000000000000554,0.34251629852093041
58.100000000000556,0.3287867201176411
58.200000000000557,0.31588570769619551
58.300000000000558,0.30384366691172832
58.40000000000056,0.29268321944633979
58.500000000000561,0.28241912196166197
58.600000000000563,0.2730582549186531
58.700000000000564,0.26459968119360616
58.800000000000566,0.25703477380003342
58.900000000000567,0.25034741141304639
59.000000000000568,0.24451423979173156
59.10000000000057,0.23950499661096056
59.200000000000571,0.23528289665237381
59.300000000000573,0.23180507376988618
59.400000000000574,0.22902307554274079
59.500000000000576,0.22688340606327106
59.600000000000577,0.22532811188138532
59.700000000000578,0.22429540574698695
59.80000000000058,0.22372032245856097
59.900000000000581,0.2235354008439292
60.000000000000583,0.22367138567014533
60.100000000000584,0.22405794310581972
60.200000000000585,0.2246243832421673
60.300000000000587,0.22530038312008432
60.400000000000588,0.22601670370975371
60.50000000000059,0.22670589434698135
60.600000000000591,0.22730297824592566
60.700000000000593,0.22774611288019475
60.800000000000594,0.22797721925184911
60.900000000000595,0.22794257434871354
61.000000000000597,0.22759336142193728
61.100000000000598,0.22688617309517772
61.2000000000006,0.22578346274055713
61.300000000000601,0.22425394002103918
61.400000000000603,0.22227290699986474
61.500000000000604,0.21982253175075989
61.600000000000605,0.21689205696304853
61.700000000000607,0.21347794161854616
61.800000000000608,0.20958393441707204
61.90000000000061,0.20522107823915473
62.000000000000611,0.20040764555270957
62.100000000000612,0.19516900528951328
62.200000000000614,0.18953742233179863
62.300000000000615,0.18355179135368319
62.400000000000617,0.1772573073511364
62.500000000000618,0.17070507576248695
62.60000000000062,0.16395166562404226
62.700000000000621,0.15705860971742169
62.800000000000622,0.15009185614212789
62.900000000000624,0.14312117618443534
63.000000000000625,0.13621953374802717
63.100000000000627,0.12946242195936977
63.200000000000628,0.12292717285856934
63.30000000000063,0.1166922463316845
63.400000000000631,0.11083650463102482
63.500000000000632,0.10543847896415394
63.600000000000634,0.10057563470889626
63.700000000000635,0.096323641829980794
63.800000000000637,0.092755657032829827
63.900000000000638,0.089941624091792544
64.000000000000639,0.08794759863467895
64.100000000000634,0.086835103454142304
64.200000000000628,0.086660520151165682
64.300000000000622,0.087474522598967153
64.400000000000617,0.089321557349856445
64.500000000000611,0.092239375696177878
64.600000000000605,0.096258621643162082
64.7000000000006,0.1014024795602011
64.800000000000594,0.10768638475219926
64.900000000000588,0.11511779963885235
65.000000000000583,0.123696057651885
65.100000000000577,0.13341227636350184
65.200000000000571,0.14424934074901813
65.300000000000566,0.15618195686803837
65.40000000000056,0.16917677562729466
65.500000000000554,0.18319258566979615
65.600000000000549,0.1981805738247383
65.700000000000543,0.21408465095606341
65.800000000000537,0.23084184047012304
65.900000000000531,0.24838272618935656
66.000000000000526,0.2666319557745474
66.10000000000052,0.2855087953874198
66.200000000000514,0.30492773083260061
66.300000000000509,0.32479911000721984
66.400000000000503,0.34502982112141423
66.500000000000497,0.36552400083681286
66.600000000000492,0.38618376620567124
66.700000000000486,0.40690996408294133
66.80000000000048,0.42760293152914169
66.900000000000475,0.44816326062468737
67.000000000000469,0.46849256107741055
67.100000000000463,0.48849421402446247
67.200000000000458,0.50807411050762119
67.300000000000452,0.52714136823656055
67.400000000000446,0.54560902044647885
67.500000000000441,0.56339467090317796
67.600000000000435,0.58042110940787295
67.700000000000429,0.5966168825030963
67.800000000000423,0.61191681447692947
67.900000000000418,0.62626247420202052
68.000000000000412,0.63960258382434143
68.100000000000406,0.65189336583039914
68.200000000000401,0.6630988255658784
68.300000000000395,0.67319096684879431
68.400000000000389,0.68214993891092968
68.500000000000384,0.68996411350766351
68.600000000000378,0.69663009165252099
68.700000000000372,0.70215264005379163
68.800000000000367,0.70654455795060445
68.900000000000361,0.70982647565954704
69.000000000000355,0.71202658674476016
69.10000000000035,0.71318031630919099
69.200000000000344,0.71332992846701981
69.300000000000338,0.71252407659233408
69.400000000000333,0.71081730044212088
69.500000000000327,0.70826947471805812
69.600000000000321,0.70494521405741284
69.700000000000315,0.70091323982471943
69.80000000000031,0.69624571440942629
69.900000000000304,0.69101754901754997
70.000000000000298,0.6853056911748685
70.100000000000293,0.67918839833343658
70.200000000000287,0.67274450409062714
70.300000000000281,0.66605268358943737
70.400000000000276,0.65919072466996909
70.50000000000027,0.6522348112847649
70.600000000000264,0.64525882557559866
70.700000000000259,0.6383336748373809
70.800000000000253,0.63152664936762215
70.900000000000247,0.6249008169193645
71.000000000000242,0.61851445914422742
71.100000000000236,0.6124205550330829
71.20000000000023,0.60666631593831144
71.300000000000225,0.60129277629732059
71.400000000000219,0.59633444367621191
71.500000000000213,0.59181901121955049
71.600000000000207,0.58776713503192346
71.700000000000202,0.58419227843431631
71.800000000000196,0.58110062443846899
71.90000000000019,0.5784910571706614
72.000000000000185,0.57635521235821674
72.100000000000179,0.57467759637294102
72.200000000000173,0.57343577271117929
72.300000000000168,0.5726006141857265
72.400000000000162,0.57213661851572184
72.500000000000156,0.57200228443226664
72.600000000000151,0.57215054487475692
72.700000000000145,0.5725292533407168
72.800000000000139,0.5730817189748123
72.900000000000134,0.57374728554491683
73.000000000000128,0.5744619490584808
73.100000000000122,0.57515900842462997
73.200000000000117,0.57576974326934904
73.300000000000111,0.57622411276551921
73.400000000000105,0.57645146914867951
73.500000000000099,0.57638127945477902
73.600000000000094,0.57594384893923622
73.700000000000088,0.57507103961779504
73.800000000000082,0.57369697740938275
73.900000000000077,0.57175874145887284
74.000000000000071,0.56919702937258099
74.100000000000065,0.56595679231019314
74.20000000000006,0.56198783414141928
74.300000000000054,0.55724536919219958
74.400000000000048,0.55169053347040287
74.500000000000043,0.54529084467174982
74.600000000000037,0.53802060671944429
74.700000000000031,0.52986125508162651
74.800000000000026,0.52080163963497561
74.90000000000002,0.51083824239594577
75.000000000000014,0.49997532801828581
75.100000000000009,0.48822502555149955
75.200000000000003,0.47560734056458898
75.299999999999997,0.46215009735725654
75.399999999999991,0.44788881160129135
75.499999999999986,0.43286649437258179
75.59999999999998,0.41713338914372561
75.699999999999974,0.40074664390290893
75.799999999999969,0.38376992114157443
75.899999999999963,0.36627294900604251
75.999999999999957,0.34833101743192685
76.099999999999952,0.33002442357020639
76.199999999999946,0.31143787126584505
76.29999999999994,0.29265982975972132
76.399999999999935,0.2737818571490459
76.499999999999929,0.25489789445675293
76.599999999999923,0.23610353642409282
76.699999999999918,0.21749528535021026
76.799999999999912,0.19916979445629218
76.899999999999906,0.18122310734819705
76.999999999999901,0.16374990018980909
77.099999999999895,0.14684273317912686
77.199999999999889,0.13059131784053055
77.299999999999883,0.11508180651050805
77.399999999999878,0.10039611020155149
77.499999999999872,0.086611250781583299
77.599999999999866,0.07379875310640098
77.699999999999861,0.062024082392978172
77.799999999999855,0.051346131724825869
77.899999999999849,0.041816764140953214
77.999999999999844,0.033480413280713953
78.099999999999838,0.026373746042602002
78.199999999999832,0.020525390170174334
78.299999999999827,0.015955729107697183
78.399999999999821,0.012676765876807656
78.499999999999815,0.010692057118774804
78.59999999999981,0.0099967178301354868
78.699999999999804,0.010577496698080106
78.799999999999798,0.01241292132146047
78.899999999999793,0.01547351198921856
78.999999999999787,0.019722062085752813
79.099999999999781,0.025113982607714955
79.199999999999775,0.031597707713982667
79.29999999999977,0.039115157695245192
79.399999999999764,0.047602255246358055
79.499999999999758,0.056989490457919519
79.599999999999753,0.067202529517536247
79.699999999999747,0.078162861729624833
79.799999999999741,0.089788479128936852
79.899999999999736,0.10199458268000523
79.99999999999973,0.11469430882510478
80.099999999999724,0.12779946996895494
80.199999999999719,0.14122130237095759
80.299999999999713,0.15487121485616692
80.399999999999707,0.16866153175503176
80.499999999999702,0.18250622353921073
80.599999999999696,0.19632161873587789
80.69999999999969,0.21002709087499807
80.799999999999685,0.22354571445133622
80.899999999999679,0.23680488416369441
80.999999999999673,0.24973689202522778
81.099999999999667,0.26227945731812408
81.199999999999662,0.27437620478960068
81.299999999999656,0.28597708695079094
81.39999999999965,0.29703874684111747
81.499999999999645,0.30752481815400273
81.599999999999639,0.31740616018033657
81.699999999999633,0.32666102560919391
81.799999999999628,0.33527515982548389
81.899999999999622,0.34324183095635019
81.999999999999616,0.35056179053674374
82.099999999999611,0.35724316528410682
82.199999999999605,0.36330128108709153
82.299999999999599,0.36875842091822958
82.399999999999594,0.37364351897003789
82.499999999999588,0.37799179388301107
82.599999999999582,0.38184432447725303
82.699999999999577,0.38524757191225889
82.799999999999571,0.38825285267708348
82.899999999999565,0.39091576725154142
82.999999999999559,0.39329558967435135
83.099999999999554,0.39545462360253808
83.199999999999548,0.3974575307452704
83.299999999999542,0.39937063780138221
83.399999999999537,0.40126122822161203
83.499999999999531,0.40319682525170697
83.599999999999525,0.40524447279035658
83.69999999999952,0.40747002061531512
83.799999999999514,0.40993742049221882
83.899999999999508,0.41270803958354835
83.999999999999503,0.41583999742099004
84.099999999999497,0.41938753249444621
84.199999999999491,0.4234004042469196
84.299999999999486,0.42792333594886228
84.39999999999948,0.43299550356116195
84.499999999999474,0.43865007528589595
84.599999999999469,0.44491380605199071
84.699999999999463,0.45180669069309282
84.799999999999457,0.45934167905142848
84.899999999999451,0.46752445568905865
84.999999999999446,0.47635328631154333
85.09999999999944,0.48581893241369761
85.199999999999434,0.49590463504822807
85.299999999999429,0.50658616800090062
85.399999999999423,0.51783196003608334
85.499999999999417,0.52960328525946676
85.599999999999412,0.54185452003598622
85.699999999999406,0.55453346430589179
85.7999999999994,0.56758172456580436
85.899999999999395,0.58093515522958061
85.999999999999389,0.59452435456077035
86.099999999999383,0.60827521087908354
86.199999999999378,0.62210949429189299
86.299999999999372,0.63594548879245261
86.399999999999366,0.64969865920277192
86.499999999999361,0.66328234712426126
86.599999999999355,0.67660848979615107
86.699999999999349,0.68958835555253362
86.799999999999343,0.70213328941573716
86.899999999999338,0.71415546226775373
86.999999999999332,0.72556861700363451
87.099999999999326,0.7362888050914731
87.199999999999321,0.74623510704248464
87.299999999999315,0.75533033043131348
87.399999999999309,0.76350167929961044
87.499999999999304,0.77068138902362859
87.599999999999298,0.77680732102670991
87.699999999999292,0.78182351206758649
87.799999999999287,0.78568067323217361
87.899999999999281,0.78833663419657429
87.999999999999275,0.78975672880834569
88.09999999999927,0.78991411854757365
88.199999999999264,0.78879005097428034
88.299999999999258,0.78637405083944067
88.399999999999253,0.78266404212822582
88.499999999999247,0.77766639991092534
88.599999999999241,0.77139593149380292
88.699999999999235,0.76387578698357972
88.79999999999923,0.75513729999969437
88.899999999999224,0.74521975988254874
88.999999999999218,0.73417011734811488
89.099999999999213,0.72204262612424164
89.199999999999207,0.70889842366658395
89.299999999999201,0.69480505458722086
89.399999999999196,0.67983594093216293
89.49999999999919,0.66406980391038095
89.599999999999184,0.64759004210278959
89.699999999999179,0.6304840715609028
89.799999999999173,0.61284263353832025
89.899999999999167,0.59475907588079124
89.999999999999162,0.57632861432993421
90.099999999999156,0.55764758016961891
90.19999999999915,0.53881266076110867
90.299999999999145,0.51992013957218064
90.399999999999139,0.50106514230622134
90.499999999999133,0.48234089567951161
90.599999999999127,0.46383800527930974
90.699999999999122,0.4456437587628303
90.799999999999116,0.42784146042931642
90.89999999999911,0.41050980291619721
90.999999999999105,0.39372228143832155
91.099999999999099,0.37754665560932116
91.199999999999093,0.36204446345979757
91.299999999999088,0.34727059180184477
91.399999999999082,0.33327290658773917
91.499999999999076,0.32009194637669869
91.599999999999071,0.30776068146241958
91.699999999999065,0.29630434063030658
91.799999999999059,0.28574030691246005
91.899999999999054,0.27607808309562631
91.999999999999048,0.26731932711799922
92.099999999999042,0.25945795687054568
92.199999999999037,0.25248032330278686
92.299999999999031,0.24636545012725047
92.399999999999025,0.24108533782649219
92.499999999999019,0.23660532909687992
92.599999999999014,0.23288453231927214
92.699999999999008,0.22987629913320928
92.799999999999002,0.22752875171277862
92.899999999998997,0.22578535490308876
92.999999999998991,0.22458552798036524
93.099999999998985,0.22386529044940565
93.19999999999898,0.22355793599263801
93.299999999998974,0.22359472843807765
93.399999999998968,0.2239056134210998
93.499999999998963,0.2244199392789463
93.599999999998957,0.22506718063844688
93.699999999998951,0.22577765813726558
93.799999999998946,0.22648324775711978
93.89999999999894,0.22711807334383616
93.999999999998934,0.22761917604249504
94.099999999998929,0.22792715458537868
94.199999999998923,0.22798677063366571
94.299999999998917,0.22774751368889617
94.399999999998911,0.22716412045395534
94.499999999998906,0.22619704393275619
94.5999999999989,0.2248128680091932
94.699999999998894,0.22298466373518405
94.799999999998889,0.22069228408056787
94.899999999998883,0.2179225944494475
94.999999999998877,0.21466963684342918
95.099999999998872,0.21093472614703379
95.199999999998866,0.20672647761896523
95.29999999999886,0.20206076528956649
95.399999999998855,0.19696061158418404
95.499999999998849,0.19145600910877733
95.599999999998843,0.18558367614247945
95.699999999998838,0.1793867479765229
95.799999999998832,0.17291440681471484
95.899999999998826,0.1662214535023312
95.99999999999882,0.15936782487305448
96.099999999998815,0.15241806099264432
96.199999999998809,0.145440727029227
96.299999999998803,0.13850779488917475
96.399999999998798,0.13169399012113728
96.499999999998792,0.12507610990541135
96.599999999998786,0.11873231820885863
96.699999999998781,0.11274142439458427
96.799999999998775,0.10718215172869762
96.899999999998769,0.10213240232240454
96.999999999998764,0.097668525085410296
97.099999999998758,0.093864593246041114
97.199999999998752,0.090791697914501507
97.299999999998747,0.088517264029240345
97.399999999998741,0.087104394833491083
97.499999999998735,0.086611250781574819
97.59999999999873,0.087090468474444044
97.699999999998724,0.088588624874225724
97.799999999998718,0.09114575165083405
97.899999999998712,0.094794904074018291
97.999999999998707,0.099561788385088168
98.099999999998701,0.10546445106836613
98.199999999998695,0.11251303289773926
98.29999999999869,0.12070959006329064
98.399999999998684,0.13004798409200372
98.499999999998678,0.14051384167007347
98.599999999998673,0.15208458485799611
98.699999999998667,0.1647295315685755
98.799999999998661,0.17841006555802302
98.899999999998656,0.19307987456671638
98.99999999999865,0.20868525464455698
99.099999999998644,0.22516547811135462
99.199999999998639,0.24245322204076517
99.299999999998633,0.26047505362154638
99.399999999998627,0.2791519682475167
99.499999999998622,0.29839997572163179
99.599999999998616,0.31813072953454796
99.69999999999861,0.33825219379721477
99.799999999998604,0.35866934207445567
99.899999999998599,0.37928488208436539
99.999999999998593,0.3999999999998532
100.09999999999859,0.42071511791534133
100.19999999999858,0.44133065792525106
100.29999999999858,0.46174780620249728
100.39999999999857,0.48186927046516964
100.49999999999856,0.50160002427809058
100.59999999999856,0.52084803175221384
100.69999999999855,0.53952494637819126
100.79999999999855,0.55754677795898488
100.89999999999854,0.57483452188840689
100.99999999999854,0.59131474535521433
101.09999999999853,0.60692012543306695
101.19999999999852,0.62158993444177646
101.29999999999852,0.63527046843123769
101.39999999999851,0.6479154151418306
101.49999999999851,0.65948615832976965
101.5999999999985,0.66995201590785569
101.6999999999985,0.67929040993658529
101.79999999999849,0.68748696710215229
101.89999999999849,0.6945355489315399
101.99999999999848,0.70043821161483577
102.09999999999847,0.70520509592592284
102.19999999999847,0.70885424834912103
102.29999999999846,0.71141137512574448
102.39999999999846,0.71290953152554315
102.49999999999845,0.7133887492184261
102.59999999999845,0.71289560516652206
102.69999999999844,0.71148273597078615
102.79999999999843,0.70920830208553542
102.89999999999843,0.70613540675400799
102.99999999999842,0.70233147491464887
103.09999999999842,0.69786759767766304
103.19999999999841,0.69281784827137749
103.29999999999841,0.68725857560549874
103.3999999999984,0.68126768179122887
103.49999999999839,0.67492389009468146
103.59999999999839,0.66830600987895861
103.69999999999838,0.66149220511092388
103.79999999999838,0.65455927297087224
103.89999999999837,0.64758193900745464
103.99999999999837,0.64063217512704385
104.09999999999836,0.63377854649776455
104.19999999999835,0.62708559318537915
104.29999999999835,0.62061325202356721
104.39999999999834,0.61441632385760714
104.49999999999834,0.6085439908913034
104.59999999999833,0.60303938841589144
104.69999999999833,0.59793923471050336
104.79999999999832,0.59327352238109832
104.89999999999831,0.58906527385302299
104.99999999999831,0.58533036315662057
105.0999999999983,0.58207740555059495
105.1999999999983,0.57930771591946872
105.29999999999829,0.57701533626484613
105.39999999999829,0.57518713199082927
105.49999999999828,0.57380295606726028
105.59999999999827,0.5728358795460563
105.69999999999827,0.57225248631110925
105.79999999999826,0.57201322936633603
105.89999999999826,0.57207284541461767
105.99999999999825,0.57238082395749923
106.09999999999825,0.57288192665615689
106.19999999999824,0.57351675224286969
106.29999999999824,0.57422234186272347
106.39999999999823,0.57493281936154361
106.49999999999822,0.57558006072104773
106.59999999999822,0.576094386578893
106.69999999999821,0.57640527156191934
106.79999999999821,0.57644206400736397
106.8999999999982,0.5761347095506012
106.9999999999982,0.57541447201964868
107.09999999999819,0.57421464509693121
107.19999999999818,0.57247124828724927
107.29999999999818,0.57012370086682918
107.39999999999817,0.56711546768077636
107.49999999999817,0.56339467090317652
107.59999999999816,0.55891466217357699
107.69999999999816,0.55363454987283167
107.79999999999815,0.54751967669730606
107.89999999999814,0.54054204312955889
107.99999999999814,0.53268067288211829
108.09999999999813,0.52392191690450451
108.19999999999813,0.51425969308768416
108.29999999999812,0.50369565936984939
108.39999999999812,0.49223931853774799
108.49999999999811,0.4799080536234836
108.5999999999981,0.46672709341245472
108.6999999999981,0.45272940819835777
108.79999999999809,0.43795553654041741
108.89999999999809,0.42245334439090487
108.99999999999808,0.4062777185619128
109.09999999999808,0.38949019708404559
109.19999999999807,0.37215853957093348
109.29999999999806,0.35435624123742571
109.39999999999806,0.33616199472095193
109.49999999999805,0.31765910432075306
109.59999999999805,0.2989348576940441
109.69999999999804,0.28007986042808974
109.79999999999804,0.26118733923916082
109.89999999999803,0.24235241983064826
109.99999999999802,0.22367138567032954
110.09999999999802,0.20524092411946829
110.19999999999801,0.18715736646193412
110.29999999999801,0.16951592843934493
110.399999999998,0.15240995789744949
110.499999999998,0.13593019608984805
110.59999999999799,0.12016405906805713
110.69999999999798,0.10519494541298698
110.79999999999798,0.091101576333610074
110.89999999999797,0.077957373875937791
110.99999999999797,0.06582988265205196
111.09999999999796,0.054780240117600972
111.19999999999796,0.04486270000043939
111.29999999999795,0.036124213016536191
111.39999999999795,0.028604068506296172
111.49999999999794,0.022333600089156025
111.59999999999793,0.017335957871836678
111.69999999999793,0.013625949160603288
111.79999999999792,0.011209949025745817
111.89999999999792,0.010085881452434152
111.99999999999791,0.010243271191643708
112.09999999999791,0.011663365803397335
112.1999999999979,0.014319326767780848
112.29999999999789,0.01817648793235101
112.39999999999789,0.023192678973211141
112.49999999999788,0.029318610976277481
112.59999999999788,0.036498320700281264
112.69999999999787,0.044669669568564399
112.79999999999787,0.053764892957380024
112.89999999999786,0.063711194908380453
112.99999999999785,0.074431382996208537
113.09999999999785,0.085844537732079895
113.19999999999784,0.097866710584087607
113.29999999999784,0.11041164444728606
113.39999999999783,0.1233915102036615
113.49999999999783,0.13671765287554705
113.59999999999782,0.15030134079703344
113.69999999999781,0.16405451120735115
113.79999999999781,0.17789050570791168
113.8999999999978,0.19172478912071883
113.9999999999978,0.20547564543903493
114.09999999999779,0.21906484477022772
114.19999999999779,0.23241827543400775
114.29999999999778,0.24546653569392418
114.39999999999777,0.25814547996383508
114.49999999999777,0.27039671474036209
114.59999999999776,0.28216803996375323
114.69999999999776,0.29341383199894316
114.79999999999775,0.30409536495162287
114.89999999999775,0.31418106758616277
114.99999999999774,0.32364671368832726
115.09999999999773,0.33247554431081972
115.19999999999773,0.34065832094845855
115.29999999999772,0.34819330930680381
115.39999999999772,0.3550861939479163
115.49999999999771,0.36134992471401972
115.59999999999771,0.36700449643876099
115.6999999999977,0.37207666405106893
115.79999999999769,0.37659959575301943
115.89999999999769,0.38061246750550043
115.99999999999768,0.3841600025789616
116.09999999999768,0.3872919604164094
116.19999999999767,0.3900625795077442
116.29999999999767,0.39252997938465206
116.39999999999766,0.39475552720961266
116.49999999999766,0.39680317474826388
116.59999999999765,0.39873877177836259
116.69999999999764,0.4006293621985923
116.79999999999764,0.40254246925470194
116.89999999999763,0.4045453763974311
116.99999999999763,0.40670441032561694
117.09999999999762,0.40908423274842343
117.19999999999762,0.41174714732287732
117.29999999999761,0.41475242808769469
117.3999999999976,0.41815567552269634
117.4999999999976,0.42200820611693124
117.59999999999759,0.42635648102989709
117.69999999999759,0.43124157908169669
117.79999999999758,0.4366987189128268
117.89999999999758,0.44275683471580418
117.99999999999757,0.44943820946315688
118.09999999999756,0.45675816904354138
118.19999999999756,0.4647248401743983
118.29999999999755,0.47333897439068023
118.39999999999755,0.48259383981952803
118.49999999999754,0.49247518184585271
118.59999999999754,0.50296125315872942
118.69999999999753,0.51402291304904868
118.79999999999752,0.52562379521023206
118.89999999999752,0.53772054268170044
118.99999999999751,0.5502631079745911
119.09999999999751,0.5631951158361197
119.1999999999975,0.57645428554847311
119.2999999999975,0.58997290912480871
119.39999999999749,0.60367838126392515
119.49999999999748,0.61749377646059367
119.59999999999748,0.63133846824477113
119.69999999999747,0.64512878514363814
119.79999999999747,0.65877869762884933
119.89999999999746,0.67220053003085523
119.99999999999746,0.68530569117471163
120.09999999999745,0.69800541731981691
120.19999999999744,0.71021152087089212
120.29999999999744,0.72183713827021334
120.39999999999743,0.73279747048231181
120.49999999999743,0.74301050954194037
120.59999999999742,0.75239774475351462
120.69999999999742,0.76088484230463937
120.79999999999741,0.76840229228591739
120.89999999999741,0.77488601739219909
120.9999999999974,0.78027793791417788
121.09999999999739,0.78452648801072833
121.19999999999739,0.78758707867850319
121.29999999999738,0.78942250330190145
121.39999999999738,0.79000328216986393
121.49999999999737,0.78930794288124317
121.59999999999737,0.78732323412322835
121.69999999999736,0.78404427089235706
121.79999999999735,0.77947460982989869
121.89999999999735,0.77362625395748907
121.99999999999734,0.76651958671939435
122.09999999999734,0.75818323585917236
122.19999999999733,0.7486538682753171
122.29999999999733,0.73797591760718073
122.39999999999732,0.72620124689377263
122.49999999999731,0.71338874921860462
122.59999999999731,0.69960388979864996
122.6999999999973,0.68491819348970762
122.7999999999973,0.66940868215969362
122.89999999999729,0.65315726682110831
122.99999999999729,0.63625009981043501
123.09999999999728,0.61877689265205615
123.19999999999727,0.60083020554396449
123.29999999999727,0.58250471465005105
123.39999999999726,0.56389646357617373
123.49999999999726,0.54510210554351524
123.59999999999725,0.5262181428512237
123.69999999999725,0.50734017024054567
123.79999999999724,0.4885621287344204
123.89999999999723,0.46997557643005733
123.99999999999723,0.4516689825683321
124.09999999999722,0.43372705099420916
124.19999999999722,0.41623007885867119
124.29999999999721,0.39925335609732993
124.39999999999721,0.38286661085650447
124.4999999999972,0.36713350562763652
124.59999999999719,0.35211118839891731
124.69999999999719,0.33784990264294185
124.79999999999718,0.32439265943559853
124.89999999999718,0.31177497444867391
124.99999999999717,0.30002467198187543
125.09999999999717,0.28916175760420437
125.19999999999716,0.27919836036516182
125.29999999999715,0.27013874491849621
125.39999999999715,0.26197939328066561
125.49999999999714,0.25470915532834876
125.59999999999714,0.2483094665296833
125.69999999999713,0.24275463080787421
125.79999999999713,0.23801216585864293
125.89999999999712,0.23404320768985862
125.99999999999712,0.23080297062746136
126.09999999999711,0.22824125854116059
126.1999999999971,0.2263030225906397
126.2999999999971,0.2249289603822216
126.39999999999709,0.22405615106077337
126.49999999999709,0.22361872054522597
126.59999999999708,0.22354853085131873
126.69999999999708,0.22377588723447486
126.79999999999707,0.22423025673064484
126.89999999999706,0.22484099157536067
126.99999999999706,0.22553805094150964
127.09999999999705,0.22625271445507208
127.19999999999705,0.22691828102517925
127.29999999999704,0.22747074665927725
127.39999999999704,0.22784945512523805
127.49999999999703,0.22799771556773249
127.59999999999702,0.22786338148428301
127.69999999999702,0.2273993858142826
127.79999999999701,0.22656422728883455
127.89999999999701,0.22532240362707873
127.999999999997,0.22364478764181042
128.09999999999701,0.22150894282937172
128.199999999997,0.21889937556157041
128.299999999997,0.2158077215657303
128.39999999999699,0.21223286496813007
128.49999999999699,0.20818098878050964
128.59999999999698,0.20366555632385455
128.69999999999698,0.19870722370275168
128.79999999999697,0.1933336840617674
128.89999999999696,0.18757944496700155
128.99999999999696,0.18148554085586091
129.09999999999695,0.17509918308072742
129.19999999999695,0.16847335063247215
129.29999999999694,0.16166632516271653
129.39999999999694,0.15474117442450042
129.49999999999693,0.14776518871533365
129.59999999999692,0.14080927533012877
129.69999999999692,0.13394731641065818
129.79999999999691,0.12725549590946589
129.89999999999691,0.12081160166665356
129.9999999999969,0.11469430882521577
130.0999999999969,0.10898245098252787
130.19999999999689,0.10375428559064513
130.29999999999688,0.09908676017534325
130.39999999999688,0.095054785942640704
130.49999999999687,0.091730525281983874
130.59999999999687,0.089182699557910292
130.69999999999686,0.087475923407684605
130.79999999999686,0.086670071532986948
130.89999999999685,0.086819683690800828
130.99999999999685,0.087973413255216806
131.09999999999684,0.09017352434041627
131.19999999999683,0.093455442049343418
131.29999999999683,0.097847359946139564
131.39999999999682,0.10336990834739339
131.49999999999682,0.11003588649223527
131.59999999999681,0.11785006108895349
131.69999999999681,0.12680903315107389
131.7999999999968,0.13690117443397012
131.89999999999679,0.14810663416943581
131.99999999999679,0.16039741617547876
132.09999999999678,0.17373752579778637
132.19999999999678,0.18808318552286174
132.29999999999677,0.20338311749668045
132.39999999999677,0.21957889059189128
132.49999999999676,0.2366053290965778
132.59999999999675,0.2543909795532644
132.69999999999675,0.2728586317631741
132.79999999999674,0.29192588949210463
132.89999999999674,0.3115057859752578
132.99999999999673,0.33150743892230333
133.09999999999673,0.35183673937502341
133.19999999999672,0.37239706847056814
133.29999999999671,0.39309003591676478
133.39999999999671,0.41381623379403482
133.4999999999967,0.43447599916289481
133.5999999999967,0.45497017887829799
133.69999999999669,0.47520088999249671
133.79999999999669,0.49507226916712027
133.89999999999668,0.51449120461230602
133.99999999999667,0.53336804422518902
134.09999999999667,0.55161727381039038
134.19999999999666,0.56915815952963567
134.29999999999666,0.58591534904370257
134.39999999999665,0.60181942617504081
134.49999999999665,0.61680741432999708
134.59999999999664,0.63082322437251415
134.69999999999663,0.64381804313178337
134.79999999999663,0.65575065925081766
134.89999999999662,0.66658772363635144
134.99999999999662,0.67630394234798519
135.09999999999661,0.68488220036103253
135.19999999999661,0.69231361524770285
135.2999999999966,0.69859752043971657
135.3999999999966,0.7037413783567722
135.49999999999659,0.7077606243037714
135.59999999999658,0.71067844265010871
135.69999999999658,0.71252547740101313
135.79999999999657,0.71333947984882873
135.89999999999657,0.71316489654586623
135.99999999999656,0.71205240136534076
136.09999999999656,0.71005837590824117
136.19999999999655,0.70724434296721506
136.29999999999654,0.70367635817007423
136.39999999999654,0.69942436529116936
136.49999999999653,0.69456152103591828
136.59999999999653,0.68916349536905597
136.69999999999652,0.68330775366840191
136.79999999999652,0.6770728271415235
136.89999999999651,0.67053757804072744
136.9999999999965,0.6637804662520711
137.0999999999965,0.65687882381566476
137.19999999999649,0.64990814385797369
137.29999999999649,0.64294139028267994
137.39999999999648,0.6360483343760589
137.49999999999648,0.62929492423761002
137.59999999999647,0.62274269264895876
137.69999999999646,0.61644820864640759
137.79999999999646,0.61046257766828826
137.89999999999645,0.60483099471056834
137.99999999999645,0.59959235444736581
138.09999999999644,0.59477892176091418
138.19999999999644,0.59041606558298998
138.29999999999643,0.58652205838150906
138.39999999999642,0.58310794303699987
138.49999999999642,0.58017746824928162
138.59999999999641,0.57772709300016944
138.69999999999641,0.57574605997898787
138.7999999999964,0.57421653725946331
138.8999999999964,0.57311382690483659
138.99999999999639,0.57240663857807128
139.09999999999638,0.57205742565128925
139.19999999999638,0.57202278074814883
139.29999999999637,0.57225388711980185
139.39999999999637,0.57269702175406545
139.49999999999636,0.5732941056530092
139.59999999999636,0.57398329629023426
139.69999999999635,0.57469961687990601
139.79999999999634,0.57537561675782301
139.89999999999634,0.57594205689417222
139.99999999999633,0.57632861432984961
140.09999999999633,0.57646459915606985
140.19999999999632,0.5762796775414446
140.29999999999632,0.57570459425302578
140.39999999999631,0.57467188811863368
140.49999999999631,0.57311659393675785
140.5999999999963,0.57097692445729731
140.69999999999629,0.56819492623016232
140.79999999999629,0.56471710334768654
140.89999999999628,0.56049500338911129
140.99999999999628,0.55548576020835438
141.09999999999627,0.54965258858705257
141.19999999999627,0.54296522620007881
141.29999999999626,0.5354003188065205
141.39999999999625,0.52694174508149039
141.49999999999625,0.51758087803849495
141.59999999999624,0.50731678055383178
141.69999999999624,0.49615633308845686
141.79999999999623,0.48411429230400693
141.89999999999623,0.47121327988257522
141.99999999999622,0.45748370147929979
142.09999999999621,0.44296359635690252
142.19999999999621,0.42769841886705301
142.2999999999962,0.41174075354883677
142.3999999999962,0.39514996620467729
142.49999999999619,0.37799179388335091
142.59999999999619,0.36033787724329547
142.69999999999618,0.34226523928233055
142.79999999999617,0.32385571489779408
142.89999999999617,0.30519533617940958
142.99999999999616,0.28637367873244468
143.09999999999616,0.26748317467695099
143.19999999999615,0.24861839826736856
143.29999999999615,0.22987533032271926
143.39999999999614,0.21135060784869558
143.49999999999613,0.19314076536777111
143.59999999999613,0.17534147455051929
143.69999999999612,0.15804678876009057
143.79999999999612,0.14134839908222235
143.89999999999611,0.12533490831507471
143.99999999999611,0.11009112923828658
144.0999999999961,0.095697413269419801
144.19999999999609,0.082229015350928331
144.29999999999609,0.069755500594025674
144.39999999999608,0.058340197840039888
144.49999999999608,0.04803970488861304
144.59999999999607,0.038903449688619668
144.69999999999607,0.03097331129643504
144.79999999999606,0.02428330388111323
144.89999999999606,0.018859326502082444
144.99999999999605,0.014718980806907905
145.09999999999604,0.01187145819961119
145.19999999999604,0.010317497419396462
145.29999999999603,0.01004941285065057
145.39999999999603,0.011051193263387268
145.49999999999602,0.013298670064358463
145.59999999999602,0.016759753528238237
145.69999999999601,0.021394734881278153
145.799999999996,0.02715665153155896
145.899999999996,0.033991712185909836
145.99999999999599,0.041839778068345608
146.09999999999599,0.050634895963344688
146.19999999999598,0.060305878353758863
146.29999999999598,0.070776925511403396
146.39999999999597,0.081968284032589989
146.49999999999596,0.093796935993601685
146.59999999999596,0.10617731263580128
146.69999999999595,0.11902202627856225
146.79999999999595,0.13224261400276136
146.89999999999594,0.14575028654927941
146.99999999999594,0.15945667583682352
147.09999999999593,0.17327457452170203
147.19999999999592,0.18711866109886913
147.29999999999592,0.20090620417773161
147.39999999999591,0.21455773975690595
147.49999999999591,0.22799771556746012
147.5999999999959,0.24115509685206807
147.6999999999959,0.25396392829528353
147.79999999999589,0.26636384721460182
147.89999999999588,0.27830054355991318
147.99999999999588,0.28972616274596374
148.09999999999587,0.3005996478549291
148.19999999999587,0.31088701828893966
148.29999999999586,0.32056158252113859
148.39999999999586,0.32960408318315348
148.49999999999585,0.33800277333165107
148.59999999999584,0.3457534233515695
148.69999999999584,0.35285925857311234
148.79999999999583,0.35933082829820595
148.89999999999583,0.36518580754439051
148.99999999999582,0.37044873341456636
149.09999999999582,0.37515067858428242
149.19999999999581,0.379328864959182
149.2999999999958,0.38302622108895606
149.3999999999958,0.38629088742560774
149.49999999999579,0.38917567397900266
149.59999999999579,0.39173747534710585
149.69999999999578,0.39403664847822251
149.79999999999578,0.39613635885496812
149.89999999999577,0.39810190107100202
149.99999999999577,0.39999999999996028
150.09999999999576,0.40189809892891615
150.19999999999575,0.40386364114494816
150.29999999999575,0.40596335152168272
150.39999999999574,0.40826252465278906
150.49999999999574,0.41082432602087859
150.59999999999573,0.41370911257426446
150.69999999999573,0.41697377891089538
150.79999999999572,0.42067113504065007
150.89999999999571,0.42484932141553128
150.99999999999571,0.42955126658522208
151.0999999999957,0.43481419245537362
151.1999999999957,0.44066917170152964
151.29999999999569,0.44714074142659732
151.39999999999569,0.45424657664811446
151.49999999999568,0.46199722666800658
151.59999999999567,0.47039591681647569
151.69999999999567,0.4794384174784635
151.79999999999566,0.48911298171063694
151.89999999999566,0.49940035214462114
151.99999999999565,0.51027383725355946
152.09999999999565,0.52169945643958782
152.19999999999564,0.53363615278487908
152.29999999999563,0.546036071704181
152.39999999999563,0.55884490314737789
152.49999999999562,0.57200228443197543
152.59999999999562,0.58544226024251655
152.69999999999561,0.59909379582168543
152.79999999999561,0.61288133890054042
152.8999999999956,0.62672542547770826
152.99999999999559,0.64054332416259063
153.09999999999559,0.65424971345013883
153.19999999999558,0.66775738599666967
153.29999999999558,0.68097797372088342
153.39999999999557,0.69382268736366093
153.49999999999557,0.70620306400588151
153.59999999999556,0.7180317159669205
153.69999999999555,0.72922307448813473
153.79999999999555,0.73969412164581239
153.89999999999554,0.74936510403625944
153.99999999999554,0.75816022193130095
154.09999999999553,0.76600828781377561
154.19999999999553,0.77284334846817249
154.29999999999552,0.77860526511850003
154.39999999999552,0.78324024647158907
154.49999999999551,0.78670132993552044
154.5999999999955,0.78894880673654266
154.6999999999955,0.7899505871493343
154.79999999999549,0.78968250258064154
154.89999999999549,0.78812854180048175
154.99999999999548,0.78528101919324067
155.09999999999548,0.78114067349812044
155.19999999999547,0.77571669611914407
155.29999999999546,0.76902668870387692
155.39999999999546,0.76109655031174461
155.49999999999545,0.7519602951118004
155.59999999999545,0.74165980216042215
155.69999999999544,0.73024449940648273
155.79999999999544,0.71777098464962319
155.89999999999543,0.70430258673117352
155.99999999999542,0.68990887076234286
156.09999999999542,0.67466509168559474
156.19999999999541,0.65865160091847497
156.29999999999541,0.64195321124063398
156.3999999999954,0.62465852545022926
156.4999999999954,0.60685923463299318
156.59999999999539,0.58864939215208467
156.69999999999538,0.57012466967807363
156.79999999999538,0.55138160173343331
156.89999999999537,0.53251682532385292
156.99999999999537,0.51362632126835928
157.09999999999536,0.49480466382139177
157.19999999999536,0.47614428510299761
157.29999999999535,0.45773476071844543
157.39999999999534,0.43966212275746486
157.49999999999534,0.42200820611738799
157.59999999999533,0.4048500337960429
157.69999999999533,0.38825924645185528
157.79999999999532,0.37230158113361417
157.89999999999532,0.35703640364373368
157.99999999999531,0.34251629852130355
158.0999999999953,0.32878672011799265
158.1999999999953,0.3158857076965248
158.29999999999529,0.3038436669120364
158.39999999999529,0.29268321944662412
158.49999999999528,0.28241912196192276
158.59999999999528,0.2730582549188908
158.69999999999527,0.26459968119382116
158.79999999999526,0.25703477380022677
158.89999999999526,0.25034741141321437
158.99999999999525,0.2445142397918775
159.09999999999525,0.2395049966110844
159.19999999999524,0.23528289665247704
159.29999999999524,0.2318050737699705
159.39999999999523,0.22902307554280504
159.49999999999523,0.22688340606332411
159.59999999999522,0.22532811188142071
159.69999999999521,0.22429540574701032
159.79999999999521,0.22372032245857099
159.8999999999952,0.2235354008439305
159.9999999999952,0.22367138567013897
160.09999999999519,0.22405794310580587
160.19999999999519,0.22462438324214876
160.29999999999518,0.22530038312006861
160.39999999999517,0.22601670370973501
160.49999999999517,0.22670589434696314
160.59999999999516,0.22730297824591236
160.69999999999516,0.22774611288018468
160.79999999999515,0.22797721925184619
160.89999999999515,0.22794257434871654
160.99999999999514,0.22759336142195141
161.09999999999513,0.22688617309520145
161.19999999999513,0.22578346274059316
161.29999999999512,0.22425394002108698
161.39999999999512,0.22227290699992516
161.49999999999511,0.21982253175083324
161.59999999999511,0.21689205696313449
161.6999999999951,0.21347794161864575
161.79999999999509,0.20958393441718529
161.89999999999509,0.20522107823928123
161.99999999999508,0.20040764555284879
162.09999999999508,0.19516900528966316
162.19999999999507,0.18953742233195961
162.29999999999507,0.18355179135385377
162.39999999999506,0.17725730735131534
162.49999999999505,0.17070507576267133
162.59999999999505,0.163951665624233
162.69999999999504,0.15705860971761651
162.79999999999504,0.15009185614232301
162.89999999999503,0.14312117618463083
162.99999999999503,0.13621953374821871
163.09999999999502,0.12946242195955898
163.19999999999501,0.12292717285874802
163.29999999999501,0.1166922463318564
163.399999999995,0.11083650463118543
163.499999999995,0.10543847896430102
163.59999999999499,0.10057563470902574
163.69999999999499,0.096323641830092496
163.79999999999498,0.092755657032921435
163.89999999999498,0.08994162409186239
163.99999999999497,0.087947598634724955
164.09999999999496,0.086835103454163218
164.19999999999496,0.086660520151159298
164.29999999999495,0.087474522598930807
164.39999999999495,0.08932155734979165
164.49999999999494,0.092239375696079512
164.59999999999494,0.096258621643033504
164.69999999999493,0.10140247956004045
164.79999999999492,0.10768638475200504
164.89999999999492,0.11511779963862731
164.99999999999491,0.12369605765162803
165.09999999999491,0.13341227636321257
165.1999999999949,0.14424934074869825
165.2999999999949,0.15618195686768446
165.39999999999489,0.1691767756269105
165.49999999999488,0.18319258566938526
165.59999999999488,0.19818057382430065
165.69999999999487,0.21408465095560139
165.79999999999487,0.23084184046963771
165.89999999999486,0.24838272618884863
165.99999999999486,0.26663195577402127
166.09999999999485,0.28550879538687712
166.19999999999484,0.30492773083204422
166.29999999999484,0.32479911000664746
166.39999999999483,0.3450298211208328
166.49999999999483,0.36552400083622916
166.59999999999482,0.38618376620508321
166.69999999999482,0.40690996408235469
166.79999999999481,0.42760293152855355
166.8999999999948,0.44816326062410505
166.9999999999948,0.4684925610768359
167.09999999999479,0.48849421402389775
167.19999999999479,0.50807411050707052
167.29999999999478,0.52714136823602564
167.39999999999478,0.5456090204459616
167.49999999999477,0.56339467090268081
167.59999999999476,0.58042110940740144
167.69999999999476,0.59661688250264855
167.79999999999475,0.61191681447650326
167.89999999999475,0.62626247420162295
167.99999999999474,0.63960258382397495
168.09999999999474,0.65189336583006208
168.19999999999473,0.66309882556557431
168.29999999999472,0.67319096684852098
168.39999999999472,0.68214993891068931
168.49999999999471,0.68996411350745646
168.59999999999471,0.69663009165234635
168.6999999999947,0.70215264005364719
168.7999999999947,0.70654455795049254
168.89999999999469,0.70982647565946688
168.99999999999469,0.71202658674471053
169.09999999999468,0.71318031630917089
169.19999999999467,0.71332992846702847
169.29999999999467,0.7125240765923686
169.39999999999466,0.71081730044218083
169.49999999999466,0.7082694747181375
169.59999999999465,0.70494521405751664
169.69999999999465,0.70091323982484122
169.79999999999464,0.69624571440956506
169.89999999999463,0.69101754901770596
169.99999999999463,0.68530569117503648
170.09999999999462,0.679188398333615
170.19999999999462,0.67274450409081243
170.29999999999461,0.66605268358963043
170.39999999999461,0.65919072467016671
170.4999999999946,0.65223481128496275
170.59999999999459,0.64525882557579517
170.69999999999459,0.63833367483757675
170.79999999999458,0.63152664936781455
170.89999999999458,0.62490081691955035
170.99999999999457,0.61851445914440462
171.09999999999457,0.61242055503325266
171.19999999999456,0.60666631593847098
171.29999999999455,0.60129277629746836
171.39999999999455,0.59633444367634869
171.49999999999454,0.59181901121967329
171.59999999999454,0.58776713503203248
171.69999999999453,0.5841922784344119
171.79999999999453,0.58110062443855071
171.89999999999452,0.57849105717072957
171.99999999999451,0.57635521235827314
172.09999999999451,0.57467759637298388
172.1999999999945,0.57343577271120938
172.2999999999945,0.57260061418574582
172.39999999999449,0.5721366185157305
172.49999999999449,0.57200228443226642
172.59999999999448,0.57215054487474837
172.69999999999447,0.57252925334070159
172.79999999999447,0.57308171897479687
172.89999999999446,0.57374728554489707
172.99999999999446,0.57446194905846215
173.09999999999445,0.57515900842461032
173.19999999999445,0.5757697432693345
173.29999999999444,0.57622411276550722
173.39999999999444,0.57645146914867595
173.49999999999443,0.57638127945478501
173.59999999999442,0.5759438489392531
173.69999999999442,0.57507103961782557
173.79999999999441,0.57369697740943215
173.89999999999441,0.57175874145893524
173.9999999999944,0.56919702937266003
174.0999999999944,0.56595679231029594
174.19999999999439,0.56198783414153908
174.29999999999438,0.55724536919234358
174.39999999999438,0.5516905334705694
174.49999999999437,0.54529084467194378
174.59999999999437,0.53802060671966112
174.69999999999436,0.52986125508187043
174.79999999999436,0.52080163963524495
174.89999999999435,0.51083824239623843
174.99999999999434,0.49997532801860506
175.09999999999434,0.48822502555184183
175.19999999999433,0.47560734056495457
175.29999999999433,0.46215009735765084
175.39999999999432,0.44788881160170846
175.49999999999432,0.43286649437301805
175.59999999999431,0.41713338914418097
175.6999999999943,0.40074664390337983
175.7999999999943,0.38376992114206288
175.89999999999429,0.36627294900654711
175.99999999999429,0.34833101743243794
176.09999999999428,0.33002442357073086
176.19999999999428,0.31143787126637751
176.29999999999427,0.29265982976025923
176.39999999999426,0.27378185714958297
176.49999999999426,0.254897894457289
176.59999999999425,0.23610353642462578
176.69999999999425,0.21749528535073342
176.79999999999424,0.19916979445680977
176.89999999999424,0.18122310734870173
176.99999999999423,0.16374990019029981
177.09999999999422,0.14684273317960092
177.19999999999422,0.13059131784098318
177.29999999999421,0.11508180651093955
177.39999999999421,0.10039611020196086
177.4999999999942,0.086611250781962856
177.5999999999942,0.07379875310675188
177.69999999999419,0.062024082393298548
177.79999999999418,0.051346131725116755
177.89999999999418,0.04181676414121107
